{"Accuracy": 0.13958333333333334, "Recall": 0.520497557997558, "Precision": 0.5272619047619048, "F1": 0.5231590482110591}