{"Accuracy": 0.6041666666666666, "Recall": 0.7232093369593369, "Precision": 0.7237648925148925, "F1": 0.7233689293690201}