{"Accuracy": 0.5854166666666667, "Recall": 0.7147365134865133, "Precision": 0.7195886058386057, "F1": 0.7168877464516173}