{"Accuracy": 0.6270833333333333, "Recall": 0.8135416666666667, "Precision": 0.8135416666666667, "F1": 0.8135416166666704}