{"Accuracy": 0.6125, "Recall": 0.73009879009879, "Precision": 0.7304390979390979, "F1": 0.7301277660005281}