{"Accuracy": 0.575, "Recall": 0.7104805842305841, "Precision": 0.7114690402190401, "F1": 0.7108064950009356}